iso3_1,iso3_2,year,dbn_structural
AUS,BRA,2010,0.3795186757487109
AUS,CAN,2010,0.953097221171521
AUS,CHN,2010,0.30777204069689795
AUS,DEU,2010,0.9192372545157066
AUS,FRA,2010,0.8951354489470482
AUS,GBR,2010,0.8960953604297017
AUS,IND,2010,0.24305169358816608
AUS,ITA,2010,0.9217803368358992
AUS,JPN,2010,0.8757235586028211
AUS,KOR,2010,0.8594198316004243
AUS,RUS,2010,0.37947292927437115
AUS,TUR,2010,0.7805911676666359
AUS,USA,2010,0.8207540306383138
AUS,ZAF,2010,0.37802730360964903
BRA,CAN,2010,0.31684402322148997
BRA,CHN,2010,0.9743468958344184
BRA,DEU,2010,0.532142281044897
BRA,FRA,2010,0.3643184812048397
BRA,GBR,2010,0.30481502875873234
BRA,IND,2010,0.9611274899623513
BRA,ITA,2010,0.547395743543047
BRA,JPN,2010,0.6675388682061307
BRA,KOR,2010,0.68490014360991
BRA,RUS,2010,0.9815139977434201
BRA,TUR,2010,0.7910676922809191
BRA,USA,2010,0.06976955624728665
BRA,ZAF,2010,0.9653527750960569
CAN,CHN,2010,0.24362616866534043
CAN,DEU,2010,0.8886569339914552
CAN,FRA,2010,0.8815715906730792
CAN,GBR,2010,0.8946430841549101
CAN,IND,2010,0.18026152913678023
CAN,ITA,2010,0.882344052038871
CAN,JPN,2010,0.8226178394391905
CAN,KOR,2010,0.8022686348598189
CAN,RUS,2010,0.30621756241699283
CAN,TUR,2010,0.7121058210494211
CAN,USA,2010,0.8705669007072372
CAN,ZAF,2010,0.30760129012655724
CHN,DEU,2010,0.4646720405156533
CHN,FRA,2010,0.3112430658998117
CHN,GBR,2010,0.24583219123419603
CHN,IND,2010,0.9837594000315403
CHN,ITA,2010,0.47134659454808797
CHN,JPN,2010,0.5940786603832684
CHN,KOR,2010,0.628520293722278
CHN,RUS,2010,0.9767731742219603
CHN,TUR,2010,0.7319748502966811
CHN,USA,2010,0.030217994838465045
CHN,ZAF,2010,0.9824866625108494
DEU,FRA,2010,0.9223208922366604
DEU,GBR,2010,0.8928152286479818
DEU,IND,2010,0.4006511672466857
DEU,ITA,2010,0.9338788237560176
DEU,JPN,2010,0.9464146492783454
DEU,KOR,2010,0.9417968622979797
DEU,RUS,2010,0.5541150121798778
DEU,TUR,2010,0.9046394526463735
DEU,USA,2010,0.6891078109127171
DEU,ZAF,2010,0.5378468838135421
FRA,GBR,2010,0.9566423250335743
FRA,IND,2010,0.2612775966851377
FRA,ITA,2010,0.909277515039282
FRA,JPN,2010,0.8564252003511033
FRA,KOR,2010,0.846169248384639
FRA,RUS,2010,0.4037781078616657
FRA,TUR,2010,0.7792467480177674
FRA,USA,2010,0.8133392252910954
FRA,ZAF,2010,0.37256500531820524
GBR,IND,2010,0.2035697230389243
GBR,ITA,2010,0.8859973867102091
GBR,JPN,2010,0.812721452810692
GBR,KOR,2010,0.7909976621979666
GBR,RUS,2010,0.337822708288434
GBR,TUR,2010,0.7285510726156506
GBR,USA,2010,0.8642522405896075
GBR,ZAF,2010,0.3052961328342777
IND,ITA,2010,0.39986396701656407
IND,JPN,2010,0.5303420434837803
IND,KOR,2010,0.5522512902666101
IND,RUS,2010,0.9578090267710446
IND,TUR,2010,0.6670871619415925
IND,USA,2010,0.014276639632757049
IND,ZAF,2010,0.9652460875032436
ITA,JPN,2010,0.9433329827963775
ITA,KOR,2010,0.934529612057823
ITA,RUS,2010,0.5653634457319537
ITA,TUR,2010,0.8976106599531382
ITA,USA,2010,0.6823682871401919
ITA,ZAF,2010,0.5397887637018964
JPN,KOR,2010,0.9495404969821292
JPN,RUS,2010,0.6924269652562521
JPN,TUR,2010,0.9604220880807355
JPN,USA,2010,0.5562767162304109
JPN,ZAF,2010,0.6722498938011782
KOR,RUS,2010,0.6984035502526124
KOR,TUR,2010,0.9632063309096625
KOR,USA,2010,0.5275347373004201
KOR,ZAF,2010,0.6929168240806604
RUS,TUR,2010,0.8124176912993144
RUS,USA,2010,0.07373528531180146
RUS,ZAF,2010,0.9840924986209989
TUR,USA,2010,0.4181623557366161
TUR,ZAF,2010,0.7923175702598624
USA,ZAF,2010,0.0629189859398584
AUS,BRA,2013,0.34549944226936236
AUS,CAN,2013,0.8900586276514563
AUS,CHN,2013,0.303772331864184
AUS,DEU,2013,0.9325061633972629
AUS,FRA,2013,0.941423743509149
AUS,GBR,2013,0.9422327646767175
AUS,IND,2013,0.25639006740187553
AUS,ITA,2013,0.9225217395914621
AUS,JPN,2013,0.9278262394240147
AUS,KOR,2013,0.9208310136247856
AUS,RUS,2013,0.3703171933374495
AUS,TUR,2013,0.8842105121587864
AUS,USA,2013,0.8301967768056925
AUS,ZAF,2013,0.35518273380915766
BRA,CAN,2013,0.11874969455504164
BRA,CHN,2013,0.9737518423957834
BRA,DEU,2013,0.4749411135309193
BRA,FRA,2013,0.39257900696447035
BRA,GBR,2013,0.353039283243718
BRA,IND,2013,0.9741956013389659
BRA,ITA,2013,0.48121897992920526
BRA,JPN,2013,0.529335935744339
BRA,KOR,2013,0.5505988940548989
BRA,RUS,2013,0.9818074310644669
BRA,TUR,2013,0.6379628199391613
BRA,USA,2013,0.05408642129041613
BRA,ZAF,2013,0.9722697570400654
CAN,CHN,2013,0.09426623672294049
CAN,DEU,2013,0.7780861282549909
CAN,FRA,2013,0.8195360890541854
CAN,GBR,2013,0.846466210698926
CAN,IND,2013,0.05875985407943829
CAN,ITA,2013,0.7785075768722116
CAN,JPN,2013,0.7465418780237253
CAN,KOR,2013,0.723574573934938
CAN,RUS,2013,0.12643466462178343
CAN,TUR,2013,0.6400514273459578
CAN,USA,2013,0.9671423974095377
CAN,ZAF,2013,0.13145658581013941
CHN,DEU,2013,0.44183488102421226
CHN,FRA,2013,0.3582916259712803
CHN,GBR,2013,0.3225939570270282
CHN,IND,2013,0.987731228375429
CHN,ITA,2013,0.44598393075976744
CHN,JPN,2013,0.4888803011822239
CHN,KOR,2013,0.5183701613306405
CHN,RUS,2013,0.9756238894136291
CHN,TUR,2013,0.6009075422127115
CHN,USA,2013,0.03940169753592859
CHN,ZAF,2013,0.9837475657007759
DEU,FRA,2013,0.9241783288697938
DEU,GBR,2013,0.9278629871252229
DEU,IND,2013,0.3945706400552812
DEU,ITA,2013,0.922512907656247
DEU,JPN,2013,0.9391757177194751
DEU,KOR,2013,0.9296267317381887
DEU,RUS,2013,0.5059571341085453
DEU,TUR,2013,0.9123219048045899
DEU,USA,2013,0.7092400367943368
DEU,ZAF,2013,0.4854786302070595
FRA,GBR,2013,0.9383865507139637
FRA,IND,2013,0.3274543255947973
FRA,ITA,2013,0.9315418169247004
FRA,JPN,2013,0.931088324052035
FRA,KOR,2013,0.9240344128233099
FRA,RUS,2013,0.43052727275980907
FRA,TUR,2013,0.9022959133872517
FRA,USA,2013,0.7657918325551138
FRA,ZAF,2013,0.4003449859757251
GBR,IND,2013,0.29617703330476186
GBR,ITA,2013,0.9285061430270534
GBR,JPN,2013,0.9123586246426791
GBR,KOR,2013,0.9064249673039315
GBR,RUS,2013,0.3977290537799728
GBR,TUR,2013,0.8834416594504442
GBR,USA,2013,0.7894018825486302
GBR,ZAF,2013,0.3654338654197807
IND,ITA,2013,0.4008531903152411
IND,JPN,2013,0.44770388339942113
IND,KOR,2013,0.46582140665939764
IND,RUS,2013,0.9805062221514502
IND,TUR,2013,0.5617837211257652
IND,USA,2013,0.01745154978002944
IND,ZAF,2013,0.9787583807231189
ITA,JPN,2013,0.9427250911466765
ITA,KOR,2013,0.9379485131998009
ITA,RUS,2013,0.5090799417848759
ITA,TUR,2013,0.9264511272759226
ITA,USA,2013,0.7054442866777613
ITA,ZAF,2013,0.4911204830634078
JPN,KOR,2013,0.9188917968240495
JPN,RUS,2013,0.5683086056666405
JPN,TUR,2013,0.9628201980340815
JPN,USA,2013,0.6606576061857601
JPN,ZAF,2013,0.5449968093154238
KOR,RUS,2013,0.5712474901220593
KOR,TUR,2013,0.952869313050021
KOR,USA,2013,0.6370454602374058
KOR,ZAF,2013,0.5607889532769337
RUS,TUR,2013,0.6747877463004963
RUS,USA,2013,0.06042319291726195
RUS,ZAF,2013,0.9902519411507863
TUR,USA,2013,0.5518310939216068
TUR,ZAF,2013,0.646144622158116
USA,ZAF,2013,0.05932483437493463
AUS,BRA,2016,0.43011966999099654
AUS,CAN,2016,0.8881385266335913
AUS,CHN,2016,0.31764703057366506
AUS,DEU,2016,0.9409303148827708
AUS,FRA,2016,0.9030868617805131
AUS,GBR,2016,0.8997590795423773
AUS,IND,2016,0.29674592599923033
AUS,ITA,2016,0.9393351057908825
AUS,JPN,2016,0.9133594488363758
AUS,KOR,2016,0.9097284478315444
AUS,RUS,2016,0.3171753440792523
AUS,TUR,2016,0.8179395992460952
AUS,USA,2016,0.7931679364196229
AUS,ZAF,2016,0.4121085159923766
BRA,CAN,2016,0.17456146999328442
BRA,CHN,2016,0.9746136412454613
BRA,DEU,2016,0.5564006378200878
BRA,FRA,2016,0.44665819163191933
BRA,GBR,2016,0.39644459428418255
BRA,IND,2016,0.9698018448675556
BRA,ITA,2016,0.5917306339643744
BRA,JPN,2016,0.6724120579798131
BRA,KOR,2016,0.649461079465625
BRA,RUS,2016,0.9397622184929681
BRA,TUR,2016,0.8011067934486336
BRA,USA,2016,0.07277552866425929
BRA,ZAF,2016,0.9670810502353091
CAN,CHN,2016,0.09802939274940237
CAN,DEU,2016,0.7607954942671225
CAN,FRA,2016,0.7638459660540676
CAN,GBR,2016,0.7906222462790012
CAN,IND,2016,0.08764950018050438
CAN,ITA,2016,0.725002983360379
CAN,JPN,2016,0.6739475416989661
CAN,KOR,2016,0.6754301551329505
CAN,RUS,2016,0.08453055281835936
CAN,TUR,2016,0.5316926937303933
CAN,USA,2016,0.9408061136047919
CAN,ZAF,2016,0.16390932269172093
CHN,DEU,2016,0.4538164164433358
CHN,FRA,2016,0.37453479365242226
CHN,GBR,2016,0.33072585014780015
CHN,IND,2016,0.9941935362505834
CHN,ITA,2016,0.4904342734270531
CHN,JPN,2016,0.5728076240461646
CHN,KOR,2016,0.552212923572301
CHN,RUS,2016,0.9691730607186149
CHN,TUR,2016,0.7146899509116384
CHN,USA,2016,0.02570009159397907
CHN,ZAF,2016,0.9742538351947313
DEU,FRA,2016,0.924126961759956
DEU,GBR,2016,0.9073531980169216
DEU,IND,2016,0.4395435822988216
DEU,ITA,2016,0.9439478028550609
DEU,JPN,2016,0.9484591700098242
DEU,KOR,2016,0.9591465447890036
DEU,RUS,2016,0.4776127234484347
DEU,TUR,2016,0.910774449383038
DEU,USA,2016,0.67794156416553
DEU,ZAF,2016,0.5379464909788763
FRA,GBR,2016,0.9601000553775317
FRA,IND,2016,0.352524084668985
FRA,ITA,2016,0.9105757484758035
FRA,JPN,2016,0.8948180029453598
FRA,KOR,2016,0.9174567425565932
FRA,RUS,2016,0.4410624840761475
FRA,TUR,2016,0.8380981411424568
FRA,USA,2016,0.7410806899253434
FRA,ZAF,2016,0.4270488005747345
GBR,IND,2016,0.3145986126510698
GBR,ITA,2016,0.9027179924048958
GBR,JPN,2016,0.8671021036884607
GBR,KOR,2016,0.8845670576476454
GBR,RUS,2016,0.40399364731688114
GBR,TUR,2016,0.8036622939103948
GBR,USA,2016,0.7744388096943196
GBR,ZAF,2016,0.38188659625996496
IND,ITA,2016,0.47059936253549683
IND,JPN,2016,0.5553673740394504
IND,KOR,2016,0.5327164002566999
IND,RUS,2016,0.9623696999543723
IND,TUR,2016,0.6979295883020513
IND,USA,2016,0.019198879600365315
IND,ZAF,2016,0.9739378470290676
ITA,JPN,2016,0.9553721391616885
ITA,KOR,2016,0.9648527147040786
ITA,RUS,2016,0.5140453971394908
ITA,TUR,2016,0.9182791951342592
ITA,USA,2016,0.6422082230038832
ITA,ZAF,2016,0.5716618657420085
JPN,KOR,2016,0.9514812462107121
JPN,RUS,2016,0.58630076568211
JPN,TUR,2016,0.9700396329152315
JPN,USA,2016,0.552227550206228
JPN,ZAF,2016,0.6573542705617975
KOR,RUS,2016,0.5716185851207625
KOR,TUR,2016,0.9460585551678167
KOR,USA,2016,0.5775782244381625
KOR,ZAF,2016,0.6326814878476886
RUS,TUR,2016,0.731170566016377
RUS,USA,2016,0.06169863790450458
RUS,ZAF,2016,0.9373657042169985
TUR,USA,2016,0.41090360837656326
TUR,ZAF,2016,0.778940689802103
USA,ZAF,2016,0.060894188605788935
AUS,BRA,2019,0.3359881996913586
AUS,CAN,2019,0.9301019659269705
AUS,CHN,2019,0.27149118084397783
AUS,DEU,2019,0.9262768713389018
AUS,FRA,2019,0.9292841011119078
AUS,GBR,2019,0.932545255657512
AUS,IND,2019,0.17593560559095917
AUS,ITA,2019,0.9214232487597407
AUS,JPN,2019,0.8872217441643683
AUS,KOR,2019,0.8915838606967745
AUS,RUS,2019,0.27479944233635645
AUS,TUR,2019,0.8031195901346668
AUS,USA,2019,0.8841354614513172
AUS,ZAF,2019,0.3132533631368219
BRA,CAN,2019,0.157859419950379
BRA,CHN,2019,0.9764197649102115
BRA,DEU,2019,0.49555451823124275
BRA,FRA,2019,0.3988560287350724
BRA,GBR,2019,0.3444602679061724
BRA,IND,2019,0.951591287478317
BRA,ITA,2019,0.527283742182322
BRA,JPN,2019,0.6008927212512669
BRA,KOR,2019,0.61308745853398
BRA,RUS,2019,0.9638659945548642
BRA,TUR,2019,0.7417068676996653
BRA,USA,2019,0.08425980377853715
BRA,ZAF,2019,0.9670272212828523
CAN,CHN,2019,0.10918306233382574
CAN,DEU,2019,0.7995277492486303
CAN,FRA,2019,0.8342323258856386
CAN,GBR,2019,0.8569210432995717
CAN,IND,2019,0.04900206783724276
CAN,ITA,2019,0.7775128279736077
CAN,JPN,2019,0.7193934166189087
CAN,KOR,2019,0.7194344868692693
CAN,RUS,2019,0.1057477435436831
CAN,TUR,2019,0.5964026438242126
CAN,USA,2019,0.9661011913387483
CAN,ZAF,2019,0.14813419547610762
CHN,DEU,2019,0.437460019816704
CHN,FRA,2019,0.3507146376562971
CHN,GBR,2019,0.29470884263590136
CHN,IND,2019,0.9775372927655563
CHN,ITA,2019,0.46389219975015206
CHN,JPN,2019,0.5454949244304641
CHN,KOR,2019,0.5499641357373346
CHN,RUS,2019,0.973833843971865
CHN,TUR,2019,0.6905768301850554
CHN,USA,2019,0.05754323097588099
CHN,ZAF,2019,0.978319349586438
DEU,FRA,2019,0.9410598463884448
DEU,GBR,2019,0.9218341620212342
DEU,IND,2019,0.34011899105841414
DEU,ITA,2019,0.9383168594405462
DEU,JPN,2019,0.9377525802438962
DEU,KOR,2019,0.9443871825684893
DEU,RUS,2019,0.4603035000657252
DEU,TUR,2019,0.9067659589539097
DEU,USA,2019,0.7483284039267856
DEU,ZAF,2019,0.473597590423663
FRA,GBR,2019,0.9405100961354738
FRA,IND,2019,0.27020197191265904
FRA,ITA,2019,0.927924843517162
FRA,JPN,2019,0.9110265716468563
FRA,KOR,2019,0.9138365806224269
FRA,RUS,2019,0.39896689303947297
FRA,TUR,2019,0.832200734212382
FRA,USA,2019,0.7960980664557352
FRA,ZAF,2019,0.3828604304308104
GBR,IND,2019,0.23391990234882926
GBR,ITA,2019,0.9206525720966683
GBR,JPN,2019,0.8802388929013197
GBR,KOR,2019,0.8842912100630955
GBR,RUS,2019,0.3593016688606733
GBR,TUR,2019,0.802506419502679
GBR,USA,2019,0.8318312223388415
GBR,ZAF,2019,0.33520530289879835
IND,ITA,2019,0.37210011280178146
IND,JPN,2019,0.44784623939316537
IND,KOR,2019,0.4486341379364385
IND,RUS,2019,0.974825900801252
IND,TUR,2019,0.590651158435278
IND,USA,2019,0.015998276991874005
IND,ZAF,2019,0.9570559991092027
ITA,JPN,2019,0.9489739803805687
ITA,KOR,2019,0.9476329478219218
ITA,RUS,2019,0.49094254808805743
ITA,TUR,2019,0.9000578387729234
ITA,USA,2019,0.7133162560026516
ITA,ZAF,2019,0.5096230924603016
JPN,KOR,2019,0.9362313541246451
JPN,RUS,2019,0.5679214938296957
JPN,TUR,2019,0.955618752754559
JPN,USA,2019,0.6435360635557867
JPN,ZAF,2019,0.5869747160242591
KOR,RUS,2019,0.5672621741985929
KOR,TUR,2019,0.9458953716974412
KOR,USA,2019,0.636256260920028
KOR,ZAF,2019,0.5878312688047762
RUS,TUR,2019,0.7011761621213983
RUS,USA,2019,0.06440081142074205
RUS,ZAF,2019,0.9647964659862527
TUR,USA,2019,0.5078706590060676
TUR,ZAF,2019,0.7158688163497668
USA,ZAF,2019,0.07872990474491681
AUS,BRA,2022,0.3419786530802911
AUS,CAN,2022,0.9384977687763352
AUS,CHN,2022,0.29154725884268196
AUS,DEU,2022,0.9388574748118422
AUS,FRA,2022,0.9129998599115684
AUS,GBR,2022,0.9146457799806921
AUS,IND,2022,0.19956450090796252
AUS,ITA,2022,0.9175754132333895
AUS,JPN,2022,0.9257390534890684
AUS,KOR,2022,0.902738425259807
AUS,RUS,2022,0.29425080874796383
AUS,TUR,2022,0.7598205380273702
AUS,USA,2022,0.851348560566033
AUS,ZAF,2022,0.34008033483374206
BRA,CAN,2022,0.18800595062612513
BRA,CHN,2022,0.9841594167499919
BRA,DEU,2022,0.4718095343120943
BRA,FRA,2022,0.37511386485114995
BRA,GBR,2022,0.30592606873288575
BRA,IND,2022,0.9621962070263137
BRA,ITA,2022,0.5536209392487028
BRA,JPN,2022,0.5684363196571757
BRA,KOR,2022,0.594973067552331
BRA,RUS,2022,0.9485140395980531
BRA,TUR,2022,0.791030986673789
BRA,USA,2022,0.06084180760151131
BRA,ZAF,2022,0.9780272869434259
CAN,CHN,2022,0.14702876041532675
CAN,DEU,2022,0.8359351328936254
CAN,FRA,2022,0.8272990935556829
CAN,GBR,2022,0.8606644789377768
CAN,IND,2022,0.07692428074140228
CAN,ITA,2022,0.7789619905382197
CAN,JPN,2022,0.7934602863970941
CAN,KOR,2022,0.7579508216231559
CAN,RUS,2022,0.13268631468012765
CAN,TUR,2022,0.5670290056304497
CAN,USA,2022,0.9364230618983767
CAN,ZAF,2022,0.18254086374077805
CHN,DEU,2022,0.42781867549644675
CHN,FRA,2022,0.3403126657145936
CHN,GBR,2022,0.27709528105610604
CHN,IND,2022,0.9832628951294828
CHN,ITA,2022,0.5119173039290273
CHN,JPN,2022,0.5179767375077317
CHN,KOR,2022,0.5488118703199552
CHN,RUS,2022,0.9587335190588451
CHN,TUR,2022,0.753895691760792
CHN,USA,2022,0.03733083356306127
CHN,ZAF,2022,0.9870283064590417
DEU,FRA,2022,0.9345850480713085
DEU,GBR,2022,0.911722992526482
DEU,IND,2022,0.32921348970965814
DEU,ITA,2022,0.9462227165645378
DEU,JPN,2022,0.9471441636981172
DEU,KOR,2022,0.9591532433740176
DEU,RUS,2022,0.4498843483955791
DEU,TUR,2022,0.8648507105700984
DEU,USA,2022,0.7379492842450661
DEU,ZAF,2022,0.4701136860753448
FRA,GBR,2022,0.9473282195099468
FRA,IND,2022,0.2658275890603015
FRA,ITA,2022,0.9150604396177313
FRA,JPN,2022,0.9010957720667595
FRA,KOR,2022,0.8867783854230684
FRA,RUS,2022,0.4236197835888905
FRA,TUR,2022,0.7823243903062297
FRA,USA,2022,0.7927046465776615
FRA,ZAF,2022,0.37649728593993326
GBR,IND,2022,0.20915877480292222
GBR,ITA,2022,0.8862803906369967
GBR,JPN,2022,0.8616472281250873
GBR,KOR,2022,0.85680012762159
GBR,RUS,2022,0.3647349887429344
GBR,TUR,2022,0.731568185207064
GBR,USA,2022,0.8461037573549205
GBR,ZAF,2022,0.3106867556076105
IND,ITA,2022,0.41359617677324423
IND,JPN,2022,0.4188455858413337
IND,KOR,2022,0.44263525655096775
IND,RUS,2022,0.9552317324040176
IND,TUR,2022,0.6630987179148192
IND,USA,2022,0.010999677200215108
IND,ZAF,2022,0.9676297394467601
ITA,JPN,2022,0.9531372864247482
ITA,KOR,2022,0.967433388105472
ITA,RUS,2022,0.5368782699159633
ITA,TUR,2022,0.9029156206295783
ITA,USA,2022,0.6597155740607674
ITA,ZAF,2022,0.5564782246225454
JPN,KOR,2022,0.9425078527092463
JPN,RUS,2022,0.5291226507430575
JPN,TUR,2022,0.9296534867953323
JPN,USA,2022,0.6501932534996737
JPN,ZAF,2022,0.5700512352304083
KOR,RUS,2022,0.5504685199917867
KOR,TUR,2022,0.9161502642992081
KOR,USA,2022,0.6176318162834891
KOR,ZAF,2022,0.5966216918217406
RUS,TUR,2022,0.7669541133184015
RUS,USA,2022,0.07942326377737269
RUS,ZAF,2022,0.9492891993595964
TUR,USA,2022,0.4111440788066206
TUR,ZAF,2022,0.793048090294256
USA,ZAF,2022,0.059423618942755274
AUS,BRA,2024,0.2873027113552117
AUS,CAN,2024,0.9450747573089264
AUS,CHN,2024,0.18565363969707438
AUS,DEU,2024,0.9406978126909201
AUS,FRA,2024,0.9425967861508635
AUS,GBR,2024,0.9520925092556496
AUS,IND,2024,0.16752762170181712
AUS,ITA,2024,0.9292517469298424
AUS,JPN,2024,0.875674707654735
AUS,KOR,2024,0.9045543639403457
AUS,RUS,2024,0.22568087480963095
AUS,TUR,2024,0.8394122445894225
AUS,USA,2024,0.916464979332317
AUS,ZAF,2024,0.23029022062490317
BRA,CAN,2024,0.15024320786324197
BRA,CHN,2024,0.9661845090613443
BRA,DEU,2024,0.39313459060697825
BRA,FRA,2024,0.3366158780425704
BRA,GBR,2024,0.3042814512245955
BRA,IND,2024,0.9679238863329976
BRA,ITA,2024,0.46816276943376356
BRA,JPN,2024,0.5939489228839452
BRA,KOR,2024,0.5126227805661
BRA,RUS,2024,0.9236825299075194
BRA,TUR,2024,0.6385913091549692
BRA,USA,2024,0.08505756363098183
BRA,ZAF,2024,0.9694677286532392
CAN,CHN,2024,0.07369058507137283
CAN,DEU,2024,0.862067449435495
CAN,FRA,2024,0.8793238559052905
CAN,GBR,2024,0.8977640400397013
CAN,IND,2024,0.05675767940799925
CAN,ITA,2024,0.8082884424225711
CAN,JPN,2024,0.7323595287668649
CAN,KOR,2024,0.7836784573350402
CAN,RUS,2024,0.10385818075127623
CAN,TUR,2024,0.6881674070063143
CAN,USA,2024,0.9728251753847441
CAN,ZAF,2024,0.10329302517279482
CHN,DEU,2024,0.2939304179622312
CHN,FRA,2024,0.2582723445988536
CHN,GBR,2024,0.2266462221075049
CHN,IND,2024,0.9898592075345528
CHN,ITA,2024,0.37583007292022463
CHN,JPN,2024,0.4868878213745325
CHN,KOR,2024,0.41087092930778146
CHN,RUS,2024,0.9589889857435446
CHN,TUR,2024,0.535287658399302
CHN,USA,2024,0.03224539511126778
CHN,ZAF,2024,0.9818760504901336
DEU,FRA,2024,0.9509489562384164
DEU,GBR,2024,0.950253092473252
DEU,IND,2024,0.27304417244728485
DEU,ITA,2024,0.9406437722169908
DEU,JPN,2024,0.9171463633267538
DEU,KOR,2024,0.9418042416776529
DEU,RUS,2024,0.34503131650597446
DEU,TUR,2024,0.9080914150356858
DEU,USA,2024,0.8314799101844882
DEU,ZAF,2024,0.333216055959199
FRA,GBR,2024,0.95698799184378
FRA,IND,2024,0.2357337093245409
FRA,ITA,2024,0.9347629138729927
FRA,JPN,2024,0.8972915901284135
FRA,KOR,2024,0.931928885498474
FRA,RUS,2024,0.32753775459227863
FRA,TUR,2024,0.8826494956704747
FRA,USA,2024,0.8474646386271215
FRA,ZAF,2024,0.28635896434236463
GBR,IND,2024,0.20791350764729183
GBR,ITA,2024,0.9350044973259248
GBR,JPN,2024,0.8787287749131105
GBR,KOR,2024,0.9228769818274996
GBR,RUS,2024,0.30708373900058933
GBR,TUR,2024,0.8649330483376186
GBR,USA,2024,0.8735709651686541
GBR,ZAF,2024,0.2594850953744116
IND,ITA,2024,0.34989512491075586
IND,JPN,2024,0.4699537805578706
IND,KOR,2024,0.3873929507315461
IND,RUS,2024,0.9495539304317726
IND,TUR,2024,0.5159354446293614
IND,USA,2024,0.022042450345625353
IND,ZAF,2024,0.9869043810547371
ITA,JPN,2024,0.9449953253776331
ITA,KOR,2024,0.9464927788101475
ITA,RUS,2024,0.4195942309758777
ITA,TUR,2024,0.9184195020361678
ITA,USA,2024,0.7654850297039302
ITA,ZAF,2024,0.4089103275609883
JPN,KOR,2024,0.9439654583385652
JPN,RUS,2024,0.5175254375823146
JPN,TUR,2024,0.9801559110400475
JPN,USA,2024,0.6610401843980951
JPN,ZAF,2024,0.5369601657512089
KOR,RUS,2024,0.4557892909675792
KOR,TUR,2024,0.9626853566430358
KOR,USA,2024,0.7193803135189134
KOR,ZAF,2024,0.4618614821908999
RUS,TUR,2024,0.5767430315704015
RUS,USA,2024,0.07854508789506243
RUS,ZAF,2024,0.9398901962735494
TUR,USA,2024,0.609407799274718
TUR,ZAF,2024,0.5855699618907995
USA,ZAF,2024,0.048462138806860455
AUS,BRA,2024,0.418431118184142
AUS,CAN,2024,0.9622509393764925
AUS,CHN,2024,0.17085676952377615
AUS,DEU,2024,0.9456130584188032
AUS,FRA,2024,0.9453301109308708
AUS,GBR,2024,0.9450118071546347
AUS,IND,2024,0.18919659511812853
AUS,ITA,2024,0.9356119167575215
AUS,JPN,2024,0.926290508218927
AUS,KOR,2024,0.9323809738497455
AUS,RUS,2024,0.17049978613821892
AUS,TUR,2024,0.8736829927021279
AUS,USA,2024,0.9472515036868424
AUS,ZAF,2024,0.28047325481085716
BRA,CAN,2024,0.3278471858323446
BRA,CHN,2024,0.8835559188709281
BRA,DEU,2024,0.5101807628606205
BRA,FRA,2024,0.4560844318044203
BRA,GBR,2024,0.42921214203385993
BRA,IND,2024,0.9137577448559497
BRA,ITA,2024,0.5646755540975281
BRA,JPN,2024,0.6363739771353145
BRA,KOR,2024,0.546785888355066
BRA,RUS,2024,0.7647351063666001
BRA,TUR,2024,0.7043638893923125
BRA,USA,2024,0.22289979764475853
BRA,ZAF,2024,0.9417913022290825
CAN,CHN,2024,0.10366847835598869
CAN,DEU,2024,0.9044648442795998
CAN,FRA,2024,0.9080910025983921
CAN,GBR,2024,0.9248723071881324
CAN,IND,2024,0.11704791267704256
CAN,ITA,2024,0.877946847279951
CAN,JPN,2024,0.8616422476829713
CAN,KOR,2024,0.8788007969844486
CAN,RUS,2024,0.09874973372169898
CAN,TUR,2024,0.7947814077015343
CAN,USA,2024,0.9728687455408911
CAN,ZAF,2024,0.1962178107626798
CHN,DEU,2024,0.27681986355015287
CHN,FRA,2024,0.2460477352693891
CHN,GBR,2024,0.21700151968164683
CHN,IND,2024,0.9715126761919871
CHN,ITA,2024,0.3196175763240465
CHN,JPN,2024,0.3652342283958465
CHN,KOR,2024,0.31239178111617677
CHN,RUS,2024,0.9386648256331502
CHN,TUR,2024,0.4623561660732608
CHN,USA,2024,0.044565631501863656
CHN,ZAF,2024,0.959610326404997
DEU,FRA,2024,0.9536411632275417
DEU,GBR,2024,0.953964214686241
DEU,IND,2024,0.2921241869932951
DEU,ITA,2024,0.9377810979810376
DEU,JPN,2024,0.9471213921609472
DEU,KOR,2024,0.9531573771189532
DEU,RUS,2024,0.2903030483087147
DEU,TUR,2024,0.9352343294983644
DEU,USA,2024,0.8667425399266473
DEU,ZAF,2024,0.38209075533388687
FRA,GBR,2024,0.9479649003755548
FRA,IND,2024,0.2582844743759255
FRA,ITA,2024,0.9428562128599807
FRA,JPN,2024,0.9254904710819578
FRA,KOR,2024,0.9550620698386656
FRA,RUS,2024,0.29413824151170975
FRA,TUR,2024,0.9131391543713366
FRA,USA,2024,0.8837693445746284
FRA,ZAF,2024,0.33354675097396
GBR,IND,2024,0.2366109672039418
GBR,ITA,2024,0.937131552979668
GBR,JPN,2024,0.9252671119591604
GBR,KOR,2024,0.9545592762563413
GBR,RUS,2024,0.27244792490818526
GBR,TUR,2024,0.8972398199264661
GBR,USA,2024,0.8981314931103399
GBR,ZAF,2024,0.30279913446674656
IND,ITA,2024,0.34392914066157837
IND,JPN,2024,0.39948661821739223
IND,KOR,2024,0.3338022141354178
IND,RUS,2024,0.8938183909749455
IND,TUR,2024,0.48350308413613574
IND,USA,2024,0.05522012591468117
IND,ZAF,2024,0.9701240498499499
ITA,JPN,2024,0.9524917132879303
ITA,KOR,2024,0.9514099029266025
ITA,RUS,2024,0.3186702415801535
ITA,TUR,2024,0.9366483708643443
ITA,USA,2024,0.8372326185918423
ITA,ZAF,2024,0.43324465452924354
JPN,KOR,2024,0.94997625541636
JPN,RUS,2024,0.3479294060311243
JPN,TUR,2024,0.9744708519550448
JPN,USA,2024,0.7976007906165485
JPN,ZAF,2024,0.5022697217981537
KOR,RUS,2024,0.331667755836814
KOR,TUR,2024,0.9387773206352859
KOR,USA,2024,0.8342461371501786
KOR,ZAF,2024,0.4215292592203287
RUS,TUR,2024,0.4515563085225486
RUS,USA,2024,0.08705179370506866
RUS,ZAF,2024,0.8634189369341672
TUR,USA,2024,0.7181775754961682
TUR,ZAF,2024,0.5792272253212344
USA,ZAF,2024,0.11444926453173943
AUS,BRA,2024,0.3493219723493563
AUS,CAN,2024,0.9608917964004016
AUS,CHN,2024,0.2898748331597277
AUS,DEU,2024,0.9575740009090756
AUS,FRA,2024,0.9719640710846694
AUS,GBR,2024,0.9673795513870993
AUS,IND,2024,0.2529715302916341
AUS,ITA,2024,0.9529227289504087
AUS,JPN,2024,0.8993568694121643
AUS,KOR,2024,0.9502370887866824
AUS,RUS,2024,0.3390207568326258
AUS,TUR,2024,0.8921924524709965
AUS,USA,2024,0.8711191628742093
AUS,ZAF,2024,0.29104916323398183
BRA,CAN,2024,0.25484055078056933
BRA,CHN,2024,0.9247941207825275
BRA,DEU,2024,0.4308556509582394
BRA,FRA,2024,0.38910737983185806
BRA,GBR,2024,0.37409060080360657
BRA,IND,2024,0.9725615448314264
BRA,ITA,2024,0.4574908334326085
BRA,JPN,2024,0.6319555406454925
BRA,KOR,2024,0.46993332769010965
BRA,RUS,2024,0.870522576282116
BRA,TUR,2024,0.6263693084016523
BRA,USA,2024,0.08699484309890887
BRA,ZAF,2024,0.972822224917699
CAN,CHN,2024,0.17264393583232274
CAN,DEU,2024,0.9221759491647343
CAN,FRA,2024,0.9352536525283336
CAN,GBR,2024,0.947180413423017
CAN,IND,2024,0.15756037812744222
CAN,ITA,2024,0.9079527248126669
CAN,JPN,2024,0.8304593937003133
CAN,KOR,2024,0.9031384940815005
CAN,RUS,2024,0.2264062065346038
CAN,TUR,2024,0.79993152244424
CAN,USA,2024,0.9379188485276868
CAN,ZAF,2024,0.19036830738169314
CHN,DEU,2024,0.37621630883948
CHN,FRA,2024,0.3504215214705988
CHN,GBR,2024,0.33157513397341765
CHN,IND,2024,0.969403644622254
CHN,ITA,2024,0.40227594504074515
CHN,JPN,2024,0.5359908739205176
CHN,KOR,2024,0.4291003069315002
CHN,RUS,2024,0.9752809437813463
CHN,TUR,2024,0.5888014254301365
CHN,USA,2024,0.05847595744640349
CHN,ZAF,2024,0.9578675437796733
DEU,FRA,2024,0.9556243596180983
DEU,GBR,2024,0.960671263696161
DEU,IND,2024,0.33372935686168215
DEU,ITA,2024,0.9448802886138965
DEU,JPN,2024,0.9302170193982452
DEU,KOR,2024,0.9580560068817696
DEU,RUS,2024,0.43114617081466006
DEU,TUR,2024,0.9258888150130897
DEU,USA,2024,0.8046300130238095
DEU,ZAF,2024,0.37339939342942763
FRA,GBR,2024,0.9591068791590637
FRA,IND,2024,0.3072210203049949
FRA,ITA,2024,0.9601273525095004
FRA,JPN,2024,0.9192091075976636
FRA,KOR,2024,0.9604646093541631
FRA,RUS,2024,0.41419367960234194
FRA,TUR,2024,0.9241818518037639
FRA,USA,2024,0.8227972766817182
FRA,ZAF,2024,0.33369847581053547
GBR,IND,2024,0.2826195889660891
GBR,ITA,2024,0.9548615104596194
GBR,JPN,2024,0.9024288755907011
GBR,KOR,2024,0.9612987503347346
GBR,RUS,2024,0.39136050290650737
GBR,TUR,2024,0.9104349438403712
GBR,USA,2024,0.8411767528515532
GBR,ZAF,2024,0.31249603332246423
IND,ITA,2024,0.3679356526246045
IND,JPN,2024,0.5286242704621359
IND,KOR,2024,0.387722522889372
IND,RUS,2024,0.9229245457509132
IND,TUR,2024,0.5458060272595899
IND,USA,2024,0.03120538119331251
IND,ZAF,2024,0.9925939943760034
ITA,JPN,2024,0.9345838925152792
ITA,KOR,2024,0.9526569856059024
ITA,RUS,2024,0.4569229304943894
ITA,TUR,2024,0.9385587400461846
ITA,USA,2024,0.7748471312235735
ITA,ZAF,2024,0.40310955968583834
JPN,KOR,2024,0.9392677683062445
JPN,RUS,2024,0.5686450757252591
JPN,TUR,2024,0.9767228816867806
JPN,USA,2024,0.6355457590034215
JPN,ZAF,2024,0.5684352746093351
KOR,RUS,2024,0.47510657548663227
KOR,TUR,2024,0.946898402236054
KOR,USA,2024,0.7568693832005502
KOR,ZAF,2024,0.42571313069678757
RUS,TUR,2024,0.6440985440618343
RUS,USA,2024,0.11020363548445505
RUS,ZAF,2024,0.9069267004639865
TUR,USA,2024,0.6126433395566446
TUR,ZAF,2024,0.576364118552374
USA,ZAF,2024,0.05291489195057997
AUS,BRA,2024,0.5924769425119712
AUS,CAN,2024,0.978726427140213
AUS,CHN,2024,0.31707779644197126
AUS,DEU,2024,0.9546024712260409
AUS,FRA,2024,0.9653500418744646
AUS,GBR,2024,0.9694585845403513
AUS,IND,2024,0.358316235338158
AUS,ITA,2024,0.9547909129141812
AUS,JPN,2024,0.9353354807174338
AUS,KOR,2024,0.9393592553222533
AUS,RUS,2024,0.27542571166742824
AUS,TUR,2024,0.8167605592322926
AUS,USA,2024,0.7770229316564194
AUS,ZAF,2024,0.40608356220099917
BRA,CAN,2024,0.6233743178050934
BRA,CHN,2024,0.8739526301468605
BRA,DEU,2024,0.6879662668166207
BRA,FRA,2024,0.6391690178883096
BRA,GBR,2024,0.6240918300397011
BRA,IND,2024,0.9304098260864477
BRA,ITA,2024,0.6949351118082001
BRA,JPN,2024,0.7878179360975311
BRA,KOR,2024,0.7461768616030041
BRA,RUS,2024,0.7794287210782533
BRA,TUR,2024,0.8967365157925569
BRA,USA,2024,0.1649349681589446
BRA,ZAF,2024,0.9409058215318138
CAN,CHN,2024,0.33946398985858095
CAN,DEU,2024,0.9609187892331802
CAN,FRA,2024,0.959730358664783
CAN,GBR,2024,0.9689784085589825
CAN,IND,2024,0.3818346323380373
CAN,ITA,2024,0.9614508691539929
CAN,JPN,2024,0.9396942952838003
CAN,KOR,2024,0.9443398521951073
CAN,RUS,2024,0.2904590082477383
CAN,TUR,2024,0.827984409814381
CAN,USA,2024,0.7556401688145968
CAN,ZAF,2024,0.4294054739693593
CHN,DEU,2024,0.4361175374662118
CHN,FRA,2024,0.3919322106160441
CHN,GBR,2024,0.3735013408853889
CHN,IND,2024,0.9799816856734824
CHN,ITA,2024,0.4399991956473906
CHN,JPN,2024,0.5238135874552515
CHN,KOR,2024,0.5088625235225177
CHN,RUS,2024,0.9690928506707293
CHN,TUR,2024,0.7362020921481525
CHN,USA,2024,0.024945168372240756
CHN,ZAF,2024,0.9649094617197609
DEU,FRA,2024,0.9645155062921689
DEU,GBR,2024,0.9557797250543858
DEU,IND,2024,0.46804879817736117
DEU,ITA,2024,0.9532889903607349
DEU,JPN,2024,0.954935855884546
DEU,KOR,2024,0.9611885994459637
DEU,RUS,2024,0.39423894154607747
DEU,TUR,2024,0.8812670084947579
DEU,USA,2024,0.6743869198698775
DEU,ZAF,2024,0.5216592593074698
FRA,GBR,2024,0.9696531539420263
FRA,IND,2024,0.41747854391949357
FRA,ITA,2024,0.9656664679598999
FRA,JPN,2024,0.9471526565493943
FRA,KOR,2024,0.9562391746083506
FRA,RUS,2024,0.373856451845507
FRA,TUR,2024,0.8650906657243479
FRA,USA,2024,0.7171057206377845
FRA,ZAF,2024,0.4557315194360823
GBR,IND,2024,0.40015918301889153
GBR,ITA,2024,0.9631975335371301
GBR,JPN,2024,0.93877052596246
GBR,KOR,2024,0.9586805431225491
GBR,RUS,2024,0.344489965813888
GBR,TUR,2024,0.8438040578495153
GBR,USA,2024,0.7340268972590029
GBR,ZAF,2024,0.44452032395623425
IND,ITA,2024,0.47632216095532043
IND,JPN,2024,0.5743489074582587
IND,KOR,2024,0.546042755511848
IND,RUS,2024,0.920195736038625
IND,TUR,2024,0.7570471150532307
IND,USA,2024,0.02790826168542504
IND,ZAF,2024,0.99198116596729
ITA,JPN,2024,0.9567230628346183
ITA,KOR,2024,0.9608743275341955
ITA,RUS,2024,0.40060451669947916
ITA,TUR,2024,0.8881023233878392
ITA,USA,2024,0.6678665627010502
ITA,ZAF,2024,0.5218171516863089
JPN,KOR,2024,0.9676582924117116
JPN,RUS,2024,0.4671564825520387
JPN,TUR,2024,0.9370852752518102
JPN,USA,2024,0.5766073308098278
JPN,ZAF,2024,0.6250258693343044
KOR,RUS,2024,0.45732876149206847
KOR,TUR,2024,0.9248995802436129
KOR,USA,2024,0.5988913364077894
KOR,ZAF,2024,0.5948778493686112
RUS,TUR,2024,0.6847954435131494
RUS,USA,2024,0.055933294694884506
RUS,ZAF,2024,0.900007699102557
TUR,USA,2024,0.37213238499271234
TUR,ZAF,2024,0.7885826309819134
USA,ZAF,2024,0.05053256883094459
AUS,BRA,2024,0.5598145176606317
AUS,CAN,2024,0.9751953131287259
AUS,CHN,2024,0.3146913511528894
AUS,DEU,2024,0.9635448319514858
AUS,FRA,2024,0.968870407179177
AUS,GBR,2024,0.9752210638225267
AUS,IND,2024,0.3554932756055771
AUS,ITA,2024,0.9544900083083256
AUS,JPN,2024,0.9191807043633469
AUS,KOR,2024,0.9507569117350514
AUS,RUS,2024,0.2532693155102178
AUS,TUR,2024,0.8834563083669967
AUS,USA,2024,0.8112807566568425
AUS,ZAF,2024,0.40559151274556826
BRA,CAN,2024,0.5890106518346838
BRA,CHN,2024,0.8003192628450573
BRA,DEU,2024,0.6191636901558959
BRA,FRA,2024,0.5572184474934909
BRA,GBR,2024,0.5355948430412387
BRA,IND,2024,0.8954196935440897
BRA,ITA,2024,0.6279473146589336
BRA,JPN,2024,0.7872249486280423
BRA,KOR,2024,0.6628539427768748
BRA,RUS,2024,0.6448549995947479
BRA,TUR,2024,0.7742101881986012
BRA,USA,2024,0.2098213900375837
BRA,ZAF,2024,0.9295263261441331
CAN,CHN,2024,0.3121527101761964
CAN,DEU,2024,0.9626797947785317
CAN,FRA,2024,0.9659062333269797
CAN,GBR,2024,0.9732736037995381
CAN,IND,2024,0.36283267785955986
CAN,ITA,2024,0.9611864855798611
CAN,JPN,2024,0.9249403433295539
CAN,KOR,2024,0.9464882417919038
CAN,RUS,2024,0.2459828023278195
CAN,TUR,2024,0.886305326756194
CAN,USA,2024,0.8050802965422148
CAN,ZAF,2024,0.4198606133111633
CHN,DEU,2024,0.41416938165890776
CHN,FRA,2024,0.36428511479653575
CHN,GBR,2024,0.340200311651102
CHN,IND,2024,0.9669430628362845
CHN,ITA,2024,0.43089911069864
CHN,JPN,2024,0.5486457308860531
CHN,KOR,2024,0.4863848871402381
CHN,RUS,2024,0.9600877594522246
CHN,TUR,2024,0.6257691214719405
CHN,USA,2024,0.03859624235449283
CHN,ZAF,2024,0.9378784965660025
DEU,FRA,2024,0.9555473118563702
DEU,GBR,2024,0.9653497740664547
DEU,IND,2024,0.44925160343140214
DEU,ITA,2024,0.9540515868323824
DEU,JPN,2024,0.9401741560764872
DEU,KOR,2024,0.9689006905585464
DEU,RUS,2024,0.3515578802218583
DEU,TUR,2024,0.9305225804498849
DEU,USA,2024,0.7317721064746159
DEU,ZAF,2024,0.4927829048720557
FRA,GBR,2024,0.9598802869748257
FRA,IND,2024,0.39388539302730496
FRA,ITA,2024,0.9585570104847241
FRA,JPN,2024,0.9201742307610163
FRA,KOR,2024,0.9558174115221618
FRA,RUS,2024,0.3213567934392828
FRA,TUR,2024,0.9072063214940684
FRA,USA,2024,0.7766873327554411
FRA,ZAF,2024,0.4313015295084906
GBR,IND,2024,0.36930945788209646
GBR,ITA,2024,0.9607319986221539
GBR,JPN,2024,0.9151375799204498
GBR,KOR,2024,0.9580076123715138
GBR,RUS,2024,0.29538543789015403
GBR,TUR,2024,0.8978521132147437
GBR,USA,2024,0.7993875738883736
GBR,ZAF,2024,0.4032502266222423
IND,ITA,2024,0.4686005877308261
IND,JPN,2024,0.6170857306609667
IND,KOR,2024,0.5171571462652969
IND,RUS,2024,0.8879749541977484
IND,TUR,2024,0.6665740368956903
IND,USA,2024,0.04928030541519629
IND,ZAF,2024,0.9805976894407991
ITA,JPN,2024,0.947063779762859
ITA,KOR,2024,0.9644358310027528
ITA,RUS,2024,0.36341544126305403
ITA,TUR,2024,0.9331274674729928
ITA,USA,2024,0.7159658845005151
ITA,ZAF,2024,0.5070942145079752
JPN,KOR,2024,0.9613922301920099
JPN,RUS,2024,0.4476472884179918
JPN,TUR,2024,0.9802467149285817
JPN,USA,2024,0.5775898829000076
JPN,ZAF,2024,0.6643761976047895
KOR,RUS,2024,0.4131332159919084
KOR,TUR,2024,0.9662280174265794
KOR,USA,2024,0.658815096972257
KOR,ZAF,2024,0.562341868726663
RUS,TUR,2024,0.5451207618244486
RUS,USA,2024,0.07465340080307442
RUS,ZAF,2024,0.8362574705799715
TUR,USA,2024,0.5181403939140095
TUR,ZAF,2024,0.6953342634508783
USA,ZAF,2024,0.07687594036349588
AUS,BRA,2024,0.5996568835173093
AUS,CAN,2024,0.9726583170457404
AUS,CHN,2024,0.21071812518505317
AUS,DEU,2024,0.9676803192818142
AUS,FRA,2024,0.9737423352380822
AUS,GBR,2024,0.9680580480344725
AUS,IND,2024,0.3041208014141874
AUS,ITA,2024,0.9582610379249059
AUS,JPN,2024,0.9556495190841916
AUS,KOR,2024,0.957390304688785
AUS,RUS,2024,0.20497698515253554
AUS,TUR,2024,0.9139914912712896
AUS,USA,2024,0.8962459116534847
AUS,ZAF,2024,0.36194026057064776
BRA,CAN,2024,0.602019298818962
BRA,CHN,2024,0.7064400383922618
BRA,DEU,2024,0.6318392127492418
BRA,FRA,2024,0.5789243950931326
BRA,GBR,2024,0.5489651072055786
BRA,IND,2024,0.8479031338424396
BRA,ITA,2024,0.6642368620681636
BRA,JPN,2024,0.750122757427279
BRA,KOR,2024,0.6583191642472864
BRA,RUS,2024,0.6004044877308267
BRA,TUR,2024,0.7568975030598242
BRA,USA,2024,0.33310963566735996
BRA,ZAF,2024,0.9074454503648998
CAN,CHN,2024,0.1958861343711107
CAN,DEU,2024,0.959585454575751
CAN,FRA,2024,0.9699687522215104
CAN,GBR,2024,0.9781511044571382
CAN,IND,2024,0.29204356060807624
CAN,ITA,2024,0.9608424109425316
CAN,JPN,2024,0.956801976632691
CAN,KOR,2024,0.9525181108707657
CAN,RUS,2024,0.18938406348253478
CAN,TUR,2024,0.9065608005961144
CAN,USA,2024,0.9036259389934234
CAN,ZAF,2024,0.35130505122279154
CHN,DEU,2024,0.27795410070742
CHN,FRA,2024,0.25166665653641623
CHN,GBR,2024,0.22321810883079907
CHN,IND,2024,0.9479867226875921
CHN,ITA,2024,0.3174430404327623
CHN,JPN,2024,0.34485877722688807
CHN,KOR,2024,0.33182064056917404
CHN,RUS,2024,0.9742188484112724
CHN,TUR,2024,0.4493237976146425
CHN,USA,2024,0.040864400713665094
CHN,ZAF,2024,0.9132055165490562
DEU,FRA,2024,0.9603462397560707
DEU,GBR,2024,0.9624135761537758
DEU,IND,2024,0.3694728437494695
DEU,ITA,2024,0.9539637499322791
DEU,JPN,2024,0.9585810399624068
DEU,KOR,2024,0.970499508845568
DEU,RUS,2024,0.276979423032097
DEU,TUR,2024,0.9448214215672875
DEU,USA,2024,0.8496446485364026
DEU,ZAF,2024,0.4148398647097625
FRA,GBR,2024,0.965398326325549
FRA,IND,2024,0.32574083718950064
FRA,ITA,2024,0.9633202092336681
FRA,JPN,2024,0.9549762513488067
FRA,KOR,2024,0.9675598354705726
FRA,RUS,2024,0.2637787307321471
FRA,TUR,2024,0.9333173965053784
FRA,USA,2024,0.8788280333369056
FRA,ZAF,2024,0.36264871713805924
GBR,IND,2024,0.2979944376980655
GBR,ITA,2024,0.9587316940196947
GBR,JPN,2024,0.9367346253503002
GBR,KOR,2024,0.9573925186635036
GBR,RUS,2024,0.23525536208832482
GBR,TUR,2024,0.911586730515815
GBR,USA,2024,0.8956680079097674
GBR,ZAF,2024,0.3300478961336438
IND,ITA,2024,0.4015314449585129
IND,JPN,2024,0.46930461817907837
IND,KOR,2024,0.4119460277527246
IND,RUS,2024,0.8858568718731584
IND,TUR,2024,0.5432027380983321
IND,USA,2024,0.08266177914428308
IND,ZAF,2024,0.9741668146556512
ITA,JPN,2024,0.9639991486693642
ITA,KOR,2024,0.963948875464439
ITA,RUS,2024,0.3049879004399242
ITA,TUR,2024,0.9457719003713998
ITA,USA,2024,0.8225223517960698
ITA,ZAF,2024,0.4487740122690234
JPN,KOR,2024,0.9645524555742001
JPN,RUS,2024,0.3200736666662994
JPN,TUR,2024,0.97338285350740406
JPN,USA,2024,0.7763594561354598
JPN,ZAF,2024,0.5309506653348819
KOR,RUS,2024,0.3181150186256535
KOR,TUR,2024,0.952692587030347
KOR,USA,2024,0.8088818466902199
KOR,ZAF,2024,0.4635806025470704
RUS,TUR,2024,0.4407670211050378
RUS,USA,2024,0.07049018088470238
RUS,ZAF,2024,0.836892616152975
TUR,USA,2024,0.698082452994016
TUR,ZAF,2024,0.581930229683798
USA,ZAF,2024,0.11291273360764864
AUS,BRA,2024,0.5834605123999291
AUS,CAN,2024,0.9766338459659041
AUS,CHN,2024,0.08715182787599468
AUS,DEU,2024,0.9722623624960348
AUS,FRA,2024,0.9857114768066899
AUS,GBR,2024,0.979118223472434
AUS,IND,2024,0.18896714531763348
AUS,ITA,2024,0.9727237342307262
AUS,JPN,2024,0.9696257970461425
AUS,KOR,2024,0.9683228596294072
AUS,RUS,2024,0.09138372282166823
AUS,TUR,2024,0.9743445157810574
AUS,USA,2024,0.9779935388885017
AUS,ZAF,2024,0.2617670449392848
BRA,CAN,2024,0.586930215750827
BRA,CHN,2024,0.5583898538912033
BRA,DEU,2024,0.5876789995535214
BRA,FRA,2024,0.5566964923696606
BRA,GBR,2024,0.5439263059091738
BRA,IND,2024,0.7331376540771182
BRA,ITA,2024,0.5898861754852465
BRA,JPN,2024,0.7023895195892782
BRA,KOR,2024,0.6100503759296122
BRA,RUS,2024,0.42976981100537254
BRA,TUR,2024,0.6361983469555905
BRA,USA,2024,0.48972820179424215
BRA,ZAF,2024,0.8556186008651083
CAN,CHN,2024,0.08028356568676454
CAN,DEU,2024,0.9733269985833446
CAN,FRA,2024,0.9843767436536535
CAN,GBR,2024,0.9847110410984061
CAN,IND,2024,0.18574961565416542
CAN,ITA,2024,0.974269792132257
CAN,JPN,2024,0.9706478102024723
CAN,KOR,2024,0.9733571489796122
CAN,RUS,2024,0.0818130172439237
CAN,TUR,2024,0.9671839230257209
CAN,USA,2024,0.9783200865850371
CAN,ZAF,2024,0.26678429898287215
CHN,DEU,2024,0.11493073429111406
CHN,FRA,2024,0.09707920561410877
CHN,GBR,2024,0.08511254283003311
CHN,IND,2024,0.9131296601544988
CHN,ITA,2024,0.11174023334074629
CHN,JPN,2024,0.14270961638385582
CHN,KOR,2024,0.13182544838899896
CHN,RUS,2024,0.9721368782352717
CHN,TUR,2024,0.16331080262663888
CHN,USA,2024,0.03996133298283061
CHN,ZAF,2024,0.8510493767115901
DEU,FRA,2024,0.9696701557244829
DEU,GBR,2024,0.9628597848326037
DEU,IND,2024,0.20866793813622198
DEU,ITA,2024,0.9576726806444964
DEU,JPN,2024,0.9559413924553494
DEU,KOR,2024,0.9661974119596739
DEU,RUS,2024,0.11435294370314719
DEU,TUR,2024,0.9598202205938419
DEU,USA,2024,0.9655719117691952
DEU,ZAF,2024,0.28489307622230625
FRA,GBR,2024,0.9718128987542844
FRA,IND,2024,0.1808147978636091
FRA,ITA,2024,0.9699269120368876
FRA,JPN,2024,0.9582970251229199
FRA,KOR,2024,0.9728284247466713
FRA,RUS,2024,0.10778615820892168
FRA,TUR,2024,0.9730231735448693
FRA,USA,2024,0.9767433296134462
FRA,ZAF,2024,0.24317896773069925
GBR,IND,2024,0.17322100444991417
GBR,ITA,2024,0.9711892092441102
GBR,JPN,2024,0.9552368010754458
GBR,KOR,2024,0.9713269022468137
GBR,RUS,2024,0.09832115120134516
GBR,TUR,2024,0.9634636880739262
GBR,USA,2024,0.9788578062845718
GBR,ZAF,2024,0.22833898785661944
IND,ITA,2024,0.2077482873428238
IND,JPN,2024,0.2864407007299026
IND,KOR,2024,0.23444143335838663
IND,RUS,2024,0.833772759523432
IND,TUR,2024,0.25942302522672234
IND,USA,2024,0.11822768522192595
IND,ZAF,2024,0.9397719108588138
ITA,JPN,2024,0.9604978152073926
ITA,KOR,2024,0.9600544171230236
ITA,RUS,2024,0.11251706800179545
ITA,TUR,2024,0.9564464901246459
ITA,USA,2024,0.965371830690065
ITA,ZAF,2024,0.27390209834354085
JPN,KOR,2024,0.9616283595704314
JPN,RUS,2024,0.11961452859968574
JPN,TUR,2024,0.971505919418278
JPN,USA,2024,0.9373760637721331
JPN,ZAF,2024,0.38016403125424275
KOR,RUS,2024,0.1270385508693046
KOR,TUR,2024,0.9662561169554982
KOR,USA,2024,0.9564637477848001
KOR,ZAF,2024,0.31208298875848245
RUS,TUR,2024,0.15747907077022066
RUS,USA,2024,0.06106564859566094
RUS,ZAF,2024,0.7484169436446604
TUR,USA,2024,0.9379854643158554
TUR,ZAF,2024,0.3334689041012516
USA,ZAF,2024,0.17647859072595673
AUS,BRA,2024,0.5642751702803182
AUS,CAN,2024,0.9756826732867163
AUS,CHN,2024,0.052260226835082135
AUS,DEU,2024,0.9758987304447316
AUS,FRA,2024,0.9786665333078108
AUS,GBR,2024,0.9797163549923952
AUS,IND,2024,0.172900463579033
AUS,ITA,2024,0.9702239840901034
AUS,JPN,2024,0.9724860782076682
AUS,KOR,2024,0.9785154944401102
AUS,RUS,2024,0.04583289062179752
AUS,TUR,2024,0.9778999709008079
AUS,USA,2024,0.9839418467161736
AUS,ZAF,2024,0.19898188612548745
BRA,CAN,2024,0.5368166559121506
BRA,CHN,2024,0.593623701688144
BRA,DEU,2024,0.5531352676846245
BRA,FRA,2024,0.5419684095253168
BRA,GBR,2024,0.5342375627977622
BRA,IND,2024,0.7500766873055464
BRA,ITA,2024,0.554050481452333
BRA,JPN,2024,0.609909224682545
BRA,KOR,2024,0.5686327389845276
BRA,RUS,2024,0.5096225993486433
BRA,TUR,2024,0.5846284936966311
BRA,USA,2024,0.5091661125365449
BRA,ZAF,2024,0.8172543305587425
CAN,CHN,2024,0.03812478527041446
CAN,DEU,2024,0.9774285250539365
CAN,FRA,2024,0.9811029061249141
CAN,GBR,2024,0.9830425948196991
CAN,IND,2024,0.15555706793348756
CAN,ITA,2024,0.9699491396034936
CAN,JPN,2024,0.9793243444552975
CAN,KOR,2024,0.976953540532139
CAN,RUS,2024,0.036254148132948694
CAN,TUR,2024,0.9775562772155273
CAN,USA,2024,0.981726149882619
CAN,ZAF,2024,0.18506817724584584
CHN,DEU,2024,0.0550924838595962
CHN,FRA,2024,0.05342871460621079
CHN,GBR,2024,0.047272822542181514
CHN,IND,2024,0.9183194240925094
CHN,ITA,2024,0.05867257123520381
CHN,JPN,2024,0.06660028239437776
CHN,KOR,2024,0.061963408930865715
CHN,RUS,2024,0.9866630628939554
CHN,TUR,2024,0.07493527547470819
CHN,USA,2024,0.029467285204002325
CHN,ZAF,2024,0.908483695095763
DEU,FRA,2024,0.9710810533979961
DEU,GBR,2024,0.9734397567893082
DEU,IND,2024,0.16362488766797556
DEU,ITA,2024,0.9613138010297859
DEU,JPN,2024,0.9720290980242554
DEU,KOR,2024,0.971659633659663
DEU,RUS,2024,0.05437648814554924
DEU,TUR,2024,0.9736838035857497
DEU,USA,2024,0.9827270418441254
DEU,ZAF,2024,0.19865472120019362
FRA,GBR,2024,0.9620717133791468
FRA,IND,2024,0.1617728699547039
FRA,ITA,2024,0.9670271797954326
FRA,JPN,2024,0.9729978603947038
FRA,KOR,2024,0.9710077424431127
FRA,RUS,2024,0.05330591685610914
FRA,TUR,2024,0.9741008566411425
FRA,USA,2024,0.9815694533345634
FRA,ZAF,2024,0.1973818800670311
GBR,IND,2024,0.1548957030629829
GBR,ITA,2024,0.9685815217306806
GBR,JPN,2024,0.9722989738870202
GBR,KOR,2024,0.9731925899004669
GBR,RUS,2024,0.049297058423621865
GBR,TUR,2024,0.9743809742207332
GBR,USA,2024,0.980944218198248
GBR,ZAF,2024,0.18020661912061625
IND,ITA,2024,0.17903964349361823
IND,JPN,2024,0.2044179842975079
IND,KOR,2024,0.18283616217180565
IND,RUS,2024,0.8803591088867022
IND,TUR,2024,0.19773657433041952
IND,USA,2024,0.136951481866528
IND,ZAF,2024,0.9575272660608286
ITA,JPN,2024,0.9679488568643032
ITA,KOR,2024,0.9635219896317646
ITA,RUS,2024,0.05834359916226656
ITA,TUR,2024,0.966923336981606
ITA,USA,2024,0.9805947795668688
ITA,ZAF,2024,0.21136487465427817
JPN,KOR,2024,0.969493125533555
JPN,RUS,2024,0.06004098308751654
JPN,TUR,2024,0.9805288971665502
JPN,USA,2024,0.9791199530758926
JPN,ZAF,2024,0.24928531115386832
KOR,RUS,2024,0.05189640112716498
KOR,TUR,2024,0.9649708180121372
KOR,USA,2024,0.9823411346479977
KOR,ZAF,2024,0.210896281058303
RUS,TUR,2024,0.07015524499729475
RUS,USA,2024,0.03261125553247485
RUS,ZAF,2024,0.8567536221331624
TUR,USA,2024,0.978201432261834
TUR,ZAF,2024,0.22970295829162385
USA,ZAF,2024,0.1638619290306258
AUS,BRA,2024,0.5859039090007306
AUS,CAN,2024,0.9775260945693549
AUS,CHN,2024,0.06183307278505701
AUS,DEU,2024,0.9794813191923419
AUS,FRA,2024,0.9791075120862454
AUS,GBR,2024,0.9770928982656728
AUS,IND,2024,0.18312651511897726
AUS,ITA,2024,0.9748565097163973
AUS,JPN,2024,0.9791010778682465
AUS,KOR,2024,0.9790913212046161
AUS,RUS,2024,0.046487188719300854
AUS,TUR,2024,0.9859379026706601
AUS,USA,2024,0.9754097197347409
AUS,ZAF,2024,0.3915201541205553
BRA,CAN,2024,0.550774548583968
BRA,CHN,2024,0.5832708139306417
BRA,DEU,2024,0.5646873238148569
BRA,FRA,2024,0.49803596362467006
BRA,GBR,2024,0.4993873384055147
BRA,IND,2024,0.7518648924346276
BRA,ITA,2024,0.5415731551063201
BRA,JPN,2024,0.6242709582114291
BRA,KOR,2024,0.5698928224718013
BRA,RUS,2024,0.49464380336459285
BRA,TUR,2024,0.6215396173923102
BRA,USA,2024,0.4691324340937497
BRA,ZAF,2024,0.9026046151500778
CAN,CHN,2024,0.046795041937031656
CAN,DEU,2024,0.9778700288286889
CAN,FRA,2024,0.9868167314899248
CAN,GBR,2024,0.9826688491870452
CAN,IND,2024,0.16821192354211412
CAN,ITA,2024,0.9784809758409181
CAN,JPN,2024,0.9771444154882785
CAN,KOR,2024,0.9806769959493982
CAN,RUS,2024,0.03822742997578532
CAN,TUR,2024,0.9802617362842238
CAN,USA,2024,0.977961937723939
CAN,ZAF,2024,0.36708151415339146
CHN,DEU,2024,0.06277901798160801
CHN,FRA,2024,0.03493947278805981
CHN,GBR,2024,0.034563265823162936
CHN,IND,2024,0.9117873762771724
CHN,ITA,2024,0.05475706660580332
CHN,JPN,2024,0.07778444216458325
CHN,KOR,2024,0.06030191712266897
CHN,RUS,2024,0.9848177130266088
CHN,TUR,2024,0.09207756951799406
CHN,USA,2024,0.02329530605838337
CHN,ZAF,2024,0.7614636558309765
DEU,FRA,2024,0.9743777892945535
DEU,GBR,2024,0.9717613445997212
DEU,IND,2024,0.17857101009105997
DEU,ITA,2024,0.9664637849210842
DEU,JPN,2024,0.9733724824456271
DEU,KOR,2024,0.9733388745001351
DEU,RUS,2024,0.051362207403001126
DEU,TUR,2024,0.9787397631361361
DEU,USA,2024,0.9761240125871743
DEU,ZAF,2024,0.37998721293254833
FRA,GBR,2024,0.9725840426459513
FRA,IND,2024,0.13346844601812508
FRA,ITA,2024,0.9733435538216502
FRA,JPN,2024,0.967166787518037
FRA,KOR,2024,0.9762191752861307
FRA,RUS,2024,0.037455818764167814
FRA,TUR,2024,0.9687532091141464
FRA,USA,2024,0.9890462261041459
FRA,ZAF,2024,0.3141467756247488
GBR,IND,2024,0.13812782041562943
GBR,ITA,2024,0.9737999012920797
GBR,JPN,2024,0.9668333815117998
GBR,KOR,2024,0.9759960917875763
GBR,RUS,2024,0.03184835439232231
GBR,TUR,2024,0.9693076884450341
GBR,USA,2024,0.9827412473215893
GBR,ZAF,2024,0.31336817236198855
IND,ITA,2024,0.16399572409676527
IND,JPN,2024,0.22218100296121152
IND,KOR,2024,0.17588043255553587
IND,RUS,2024,0.8585577020374557
IND,TUR,2024,0.20547888214989896
IND,USA,2024,0.1235712936435448
IND,ZAF,2024,0.8797974875819872
ITA,JPN,2024,0.972328315466823
ITA,KOR,2024,0.9711375418875583
ITA,RUS,2024,0.04513559217030921
ITA,TUR,2024,0.9745401589908844
ITA,USA,2024,0.9792354363974856
ITA,ZAF,2024,0.35671797947971895
JPN,KOR,2024,0.9755636392073805
JPN,RUS,2024,0.05622411463981969
JPN,TUR,2024,0.9890864420933345
JPN,USA,2024,0.9621435480744228
JPN,ZAF,2024,0.4417356280692894
KOR,RUS,2024,0.042546565839427175
KOR,TUR,2024,0.9773237828052928
KOR,USA,2024,0.9739334672967844
KOR,ZAF,2024,0.3821368739648814
RUS,TUR,2024,0.0736219043839968
RUS,USA,2024,0.030147601311554584
RUS,ZAF,2024,0.6775851556669672
TUR,USA,2024,0.958454993873125
TUR,ZAF,2024,0.42847648317809883
USA,ZAF,2024,0.2819414866378034
AUS,BRA,2024,0.2953003687456267
AUS,CAN,2024,0.9572616465367569
AUS,CHN,2024,0.1324365922439416
AUS,DEU,2024,0.9542479533215604
AUS,FRA,2024,0.9681930763939282
AUS,GBR,2024,0.9594512835361636
AUS,IND,2024,0.2780610849160734
AUS,ITA,2024,0.9563037434546868
AUS,JPN,2024,0.9621988494810925
AUS,KOR,2024,0.9519673104232653
AUS,RUS,2024,0.11672162548972215
AUS,TUR,2024,0.7355746477721337
AUS,USA,2024,0.948962267858102
AUS,ZAF,2024,0.2647923704795845
BRA,CAN,2024,0.26888183503533547
BRA,CHN,2024,0.9394667556471228
BRA,DEU,2024,0.28281727329152495
BRA,FRA,2024,0.26890579031923095
BRA,GBR,2024,0.23173930833955864
BRA,IND,2024,0.9630594802471757
BRA,ITA,2024,0.2912549418237527
BRA,JPN,2024,0.3567292097931027
BRA,KOR,2024,0.3050081654164979
BRA,RUS,2024,0.870607095172861
BRA,TUR,2024,0.5820310048791
BRA,USA,2024,0.1584813483744379
BRA,ZAF,2024,0.9378046085635876
CAN,CHN,2024,0.10781552811807182
CAN,DEU,2024,0.9597257546147255
CAN,FRA,2024,0.9784071381569834
CAN,GBR,2024,0.9767970677296166
CAN,IND,2024,0.25583556922114703
CAN,ITA,2024,0.9613836790597268
CAN,JPN,2024,0.9643618909733314
CAN,KOR,2024,0.9735510731594426
CAN,RUS,2024,0.09411780904693567
CAN,TUR,2024,0.7345485190619524
CAN,USA,2024,0.9622759545897956
CAN,ZAF,2024,0.23778100276348663
CHN,DEU,2024,0.12635586828048606
CHN,FRA,2024,0.11723703890840897
CHN,GBR,2024,0.0905250278854362
CHN,IND,2024,0.9290916551477062
CHN,ITA,2024,0.1381474199145561
CHN,JPN,2024,0.1759022511127044
CHN,KOR,2024,0.14854542944407573
CHN,RUS,2024,0.9685423418920966
CHN,TUR,2024,0.46477661428193523
CHN,USA,2024,0.03247464487880386
CHN,ZAF,2024,0.936417852182375
DEU,FRA,2024,0.9629744357879072
DEU,GBR,2024,0.963313624121031
DEU,IND,2024,0.279980152538647
DEU,ITA,2024,0.9463390134561406
DEU,JPN,2024,0.9598825963073232
DEU,KOR,2024,0.9574592853635804
DEU,RUS,2024,0.11334328626504586
DEU,TUR,2024,0.7226765561956128
DEU,USA,2024,0.9554188569827335
DEU,ZAF,2024,0.24410615878124853
FRA,GBR,2024,0.9546465186085465
FRA,IND,2024,0.25779984875708917
FRA,ITA,2024,0.9637186777686666
FRA,JPN,2024,0.9684135154968774
FRA,KOR,2024,0.9659648105422696
FRA,RUS,2024,0.10503841774807865
FRA,TUR,2024,0.7063958027626889
FRA,USA,2024,0.9611462963732629
FRA,ZAF,2024,0.25190232416930686
GBR,IND,2024,0.2380252503160718
GBR,ITA,2024,0.9636983101338623
GBR,JPN,2024,0.9582202132028759
GBR,KOR,2024,0.9676083193917975
GBR,RUS,2024,0.08512987924202564
GBR,TUR,2024,0.6891178957199807
GBR,USA,2024,0.9695400067510568
GBR,ZAF,2024,0.19837867721830188
IND,ITA,2024,0.3003069221082029
IND,JPN,2024,0.3342158360463637
IND,KOR,2024,0.30805515687914586
IND,RUS,2024,0.8552614544090393
IND,TUR,2024,0.5028434128369877
IND,USA,2024,0.15588717725564555
IND,ZAF,2024,0.9172128050167732
ITA,JPN,2024,0.9588924199625377
ITA,KOR,2024,0.9594959477692474
ITA,RUS,2024,0.11952826545392503
ITA,TUR,2024,0.7203987700433815
ITA,USA,2024,0.9491116293286698
ITA,ZAF,2024,0.2557577590936474
JPN,KOR,2024,0.9603289989651812
JPN,RUS,2024,0.15717194203316265
JPN,TUR,2024,0.7767225179640693
JPN,USA,2024,0.9269575488640157
JPN,ZAF,2024,0.32865798390132517
KOR,RUS,2024,0.11974143878617438
KOR,TUR,2024,0.7317930757914933
KOR,USA,2024,0.942424370466676
KOR,ZAF,2024,0.2734702435181833
RUS,TUR,2024,0.41847234421859614
RUS,USA,2024,0.03194859551297374
RUS,ZAF,2024,0.892133344423574
TUR,USA,2024,0.6409692553154878
TUR,ZAF,2024,0.5665477160696326
USA,ZAF,2024,0.13101429206895093
